scenario,date,generator_hours,generator_energy_kwh,ens_kwh,curtailment_kwh,pv_absorbed_kwh
baseline,2025-01-01,23.75,1270.414501,1.121233677,0,193.8206386
baseline,2025-01-02,21.5,1191.374579,0,18.43020606,282.0723379
baseline,2025-01-03,20.75,1161.885717,0.384685291,1.46270681,306.0163381
baseline,2025-01-04,20.25,1030.243784,0,7.520320677,298.3006401
baseline,2025-01-05,18.25,980.1177894,0,61.00827339,304.2350871
baseline,2025-01-06,18.75,1104.412212,1.729539329,134.925362,305.6361734
baseline,2025-01-07,17.25,1026.0914,0.217404762,155.0604742,387.8048501
baseline,2025-01-08,19.25,1092.097923,0,44.07712443,340.2382467
baseline,2025-01-09,17.5,1071.187304,0,194.5276192,323.6709137
baseline,2025-01-10,21.75,1212.098393,0,14.60424344,283.0576151
baseline,2025-01-11,24,1208.347723,0,0,88.31370943
baseline,2025-01-12,20.75,1073.888116,0,40.85549691,237.571833
baseline,2025-01-13,17,1026.731967,0,149.6289548,382.5229043
baseline,2025-01-14,17.5,1040.106845,0,205.9924458,371.7454667
baseline,2025-01-15,19,1113.124826,0,165.1878191,300.049146
baseline,2025-01-16,17.75,1042.125529,0,123.724825,373.9965298
baseline,2025-01-17,16.25,1000.356256,0,205.8554287,394.985868
baseline,2025-01-18,17.75,963.1095115,0,227.3350273,289.8195545
baseline,2025-01-19,17.25,955.0983644,0,225.3760779,309.8570784
baseline,2025-01-20,19,1117.978464,0,39.0670473,274.0249907
baseline,2025-01-21,20,1127.724751,0,22.78290636,307.1398705
baseline,2025-01-22,16.5,1002.764727,0,68.89622818,395.1723312
baseline,2025-01-23,18,1065.27211,0,142.9531655,362.3467179
baseline,2025-01-24,20,1131.152742,0,111.5115992,314.1311146
baseline,2025-01-25,16,907.9588842,0.567658947,284.5021555,356.0071938
baseline,2025-01-26,15.75,888.902042,0,204.0720357,359.1548609
baseline,2025-01-27,20.75,1171.872522,0,50.95460682,288.4199771
baseline,2025-01-28,18.5,1083.437868,0,140.1663983,346.6688244
baseline,2025-01-29,18.25,1085.615499,0,170.4020102,331.2256831
baseline,2025-01-30,24,1302.615619,0.086674719,0,206.2373063
baseline,2025-01-31,20.75,1168.941794,0,24.89030925,303.5281205
hemat,2025-01-01,23.75,1283.914501,0,0,193.8206386
hemat,2025-01-02,21.5,1198.124579,0,18.43020606,282.0723379
hemat,2025-01-03,20.75,1180.520905,0,1.46270681,306.0163381
hemat,2025-01-04,20.25,1062.493784,0,7.520320677,298.3006401
hemat,2025-01-05,18.25,992.1177894,0,61.00827339,304.2350871
hemat,2025-01-06,18.75,1111.391751,0,134.925362,305.6361734
hemat,2025-01-07,17.25,1039.808805,0,155.0604742,387.8048501
hemat,2025-01-08,19.25,1117.597923,0,44.07712443,340.2382467
hemat,2025-01-09,17.5,1077.887717,0,194.5276192,323.6709137
hemat,2025-01-10,21.75,1218.848393,0,14.60424344,283.0576151
hemat,2025-01-11,24,1208.347723,0,0,88.31370943
hemat,2025-01-12,20.75,1080.638116,0,40.85549691,237.571833
hemat,2025-01-13,17,1033.481967,0,149.6289548,382.5229043
hemat,2025-01-14,17.5,1046.708155,0,205.9924458,371.7454667
hemat,2025-01-15,19,1119.874826,0,165.1878191,300.049146
hemat,2025-01-16,17.75,1054.125529,0,123.724825,373.9965298
hemat,2025-01-17,16.25,1006.890183,0,205.8554287,394.985868
hemat,2025-01-18,17.75,969.8595115,0,227.3350273,289.8195545
hemat,2025-01-19,17.25,961.8483644,0,225.3760779,309.8570784
hemat,2025-01-20,19,1124.728464,0,39.0670473,274.0249907
hemat,2025-01-21,20,1141.224751,0,22.78290636,307.1398705
hemat,2025-01-22,16.5,1009.514727,0,68.89622818,395.1723312
hemat,2025-01-23,18,1071.56431,0,142.9531655,362.3467179
hemat,2025-01-24,20,1143.152742,0,111.5115992,314.1311146
hemat,2025-01-25,16,914.7088842,0,284.5021555,356.0071938
hemat,2025-01-26,15.75,895.652042,0,204.0720357,359.1548609
hemat,2025-01-27,20.75,1178.622522,0,50.95460682,288.4199771
hemat,2025-01-28,18.5,1090.187868,0,140.1663983,346.6688244
hemat,2025-01-29,18.25,1092.365499,0,170.4020102,331.2256831
hemat,2025-01-30,24,1302.702294,0,0,206.2373063
hemat,2025-01-31,20.75,1182.441794,0,24.89030925,303.5281205
hemat_plus,2025-01-01,20.5,1109.21717,0,0,193.8206386
hemat_plus,2025-01-02,20.5,1089.542636,0,0,300.502544
hemat_plus,2025-01-03,20.75,1101.387811,0,0,307.479045
hemat_plus,2025-01-04,20,975.3147596,0,0,305.8209608
hemat_plus,2025-01-05,16,878.3748971,0,0,365.2433604
hemat_plus,2025-01-06,15.75,950.8072213,0,0,440.5615355
hemat_plus,2025-01-07,13.5,845.9169309,0,0,542.8653243
hemat_plus,2025-01-08,16.5,996.9218102,0,0,384.3153711
hemat_plus,2025-01-09,13.75,881.1895721,0,0,518.1985329
hemat_plus,2025-01-10,20,1101.288286,0,0,297.6618585
hemat_plus,2025-01-11,24,1149.095407,0,0,88.31370943
hemat_plus,2025-01-12,19.5,978.1614467,0,0,278.4273299
hemat_plus,2025-01-13,14,859.6733179,0,0,532.151859
hemat_plus,2025-01-14,13,814.3272626,0,0,577.7379125
hemat_plus,2025-01-15,14.5,933.9898885,0,0,465.2369651
hemat_plus,2025-01-16,14.5,889.601515,0,0,497.7213548
hemat_plus,2025-01-17,12.75,794.8174592,0,0,600.8412967
hemat_plus,2025-01-18,13.25,751.0221022,0,17.2718694,499.8827124
hemat_plus,2025-01-19,12.75,728.9780779,0,15.31292005,519.9202363
hemat_plus,2025-01-20,17.75,1053.941224,0,0,313.092038
hemat_plus,2025-01-21,18.5,1040.143486,0,0,329.9227769
hemat_plus,2025-01-22,14.75,913.8827129,0,0,464.0685594
hemat_plus,2025-01-23,14,886.671181,0,0,505.2998834
hemat_plus,2025-01-24,16.25,969.8441434,0,0,425.6427138
hemat_plus,2025-01-25,12.25,701.398025,0,74.43899756,566.0703517
hemat_plus,2025-01-26,12,687.6587464,0,0,563.2268966
hemat_plus,2025-01-27,19,1063.01768,0,0,339.3745839
hemat_plus,2025-01-28,14.75,909.150256,0,0,486.8352226
hemat_plus,2025-01-29,13.5,888.3968254,0,0,501.6276933
hemat_plus,2025-01-30,24,1205.276438,0,0,206.2373063
hemat_plus,2025-01-31,18.5,1062.955204,0,0,328.4184298
